{
	"class" : {
		"monticelloMetaDirName" : "dkh 4/4/2012 17:43",
		"on:fileName:" : "dkh 2/16/2012 14:49:00" },
	"instance" : {
		"addClassAndMethodDefinitionsFromDirectory:" : "dkh 3/1/2012 12:09",
		"addClassAndMethodDefinitionsFromDirectoryEntries:" : "dkh 8/10/2012 14:00",
		"addDefinitionFromFile:inDirectory:" : "dkh 2/16/2012 14:49:00",
		"basicVersion" : "dkh 2/16/2012 14:49:00",
		"definitionFromFile:inDirectory:" : "dkh 8/10/2012 07:39",
		"fileUtils" : "dkh 8/10/2012 05:39",
		"hasMonticelloMetadata" : "dkh 8/10/2012 05:44",
		"loadDefinitions" : "topa 8/29/2013 00:58",
		"loadDependencies" : "dkh 8/10/2012 07:18",
		"monticelloMetaDirName" : "dkh 4/4/2012 17:43",
		"noMethodMetaData" : "dkh 3/1/2012 10:11",
		"packageDirectory:" : "dkh 8/10/2012 05:46",
		"packageProperties" : "dkh 3/1/2012 11:56",
		"parseMember:" : "dkh 8/10/2012 07:43",
		"separateMethodMetaAndSource" : "dkh 3/1/2012 10:10" } }
