{
	"class" : {
		"classic" : "dkh 6/13/2012 16:09",
		"image" : "dkh 7/16/2012 10:12",
		"registrations" : "dkh 07/27/2013 08:45",
		"registry" : "dkh 7/13/2012 09:13",
		"scriptExecutorClass" : "dkh 7/13/2012 09:08",
		"scriptExecutorClass:" : "dkh 7/13/2012 09:15" },
	"instance" : {
		"addStatement:args:" : "dkh 5/31/2012 17:57:13",
		"baseline:" : "dkh 7/12/2012 13:45",
		"bitbucketUser:project:commitish:path:" : "dkh 09/29/2014 12:34",
		"blueplane:" : "dkh 7/17/2012 16:46",
		"cacheRepository:" : "dkh 7/23/2012 16:17",
		"className:" : "dkh 7/12/2012 13:45",
		"configuration:" : "dkh 7/12/2012 13:46",
		"croquet:" : "dkh 7/17/2012 16:48",
		"execute:args:" : "dkh 09/30/2014 13:58",
		"executorSpec" : "dkh 7/13/2012 09:12",
		"executorSpec:" : "dkh 7/13/2012 09:13",
		"fetch" : "dkh 09/30/2014 13:59",
		"fetch:" : "dkh 09/30/2014 13:59",
		"filetreeDirectory:" : "dkh 07/25/2013 15:21",
		"gemsource:" : "dkh 06/28/2013 16:52",
		"get" : "dkh 09/30/2014 13:59",
		"githubUser:project:commitish:path:" : "dkh 07/25/2013 15:26",
		"ignoreImage" : "dkh 6/13/2012 16:05",
		"impara:" : "dkh 7/17/2012 16:48",
		"list" : "dkh 09/30/2014 14:00",
		"load" : "dkh 09/30/2014 14:00",
		"load:" : "dkh 09/30/2014 14:00",
		"lock" : "dkh 09/30/2014 14:00",
		"locked" : "dkh 07/25/2013 15:45",
		"onConflict:" : "dkh 6/7/2012 15:34",
		"onConflictUseIncoming" : "dkh 10/10/2014 15:25",
		"onConflictUseIncoming:useLoaded:" : "dkh 10/10/2014 16:44",
		"onConflictUseLoaded" : "dkh 10/10/2014 15:25",
		"onDowngrade:" : "dkh 6/8/2012 14:03:46",
		"onDowngradeUseIncoming" : "dkh 10/10/2014 14:52",
		"onDowngradeUseIncoming:" : "dkh 10/10/2014 14:52",
		"onLock:" : "dkh 07/24/2013 17:09",
		"onLockBreak" : "dkh 10/13/2014 09:31",
		"onLockBreak:" : "dkh 10/13/2014 09:32",
		"onUpgrade:" : "dkh 6/7/2012 15:33",
		"onUpgradeUseLoaded" : "dkh 10/10/2014 14:52",
		"onUpgradeUseLoaded:" : "dkh 10/10/2014 14:52",
		"onWarning:" : "dkh 07/24/2013 15:22",
		"onWarningLog" : "dkh 10/10/2014 14:53",
		"project:" : "dkh 7/12/2012 13:46",
		"record" : "dkh 09/30/2014 14:00",
		"record:" : "dkh 09/30/2014 14:00",
		"register" : "dkh 09/30/2014 14:01",
		"renggli:" : "dkh 7/17/2012 16:48",
		"repository:" : "dkh 7/12/2012 13:46",
		"repositoryOverrides:" : "dkh 7/23/2012 19:27",
		"saltypickle:" : "dkh 7/17/2012 16:49",
		"scriptExecutor" : "dkh 7/13/2012 09:16",
		"silently" : "dkh 5/31/2012 17:57:13",
		"smalltalkhubUser:project:" : "dkh 07/25/2013 15:20",
		"squeakfoundation:" : "dkh 7/17/2012 16:49",
		"squeaksource3:" : "dkh 07/25/2013 15:17",
		"squeaksource:" : "dkh 7/17/2012 16:50",
		"ss3:" : "dkh 7/17/2012 16:46",
		"statements" : "dkh 5/31/2012 17:57:13",
		"statements:" : "dkh 5/31/2012 17:57:13",
		"swa:" : "topa 1/19/2015 15:25",
		"swasource:" : "topa 1/19/2015 15:25",
		"unlock" : "dkh 09/30/2014 14:01",
		"unregister" : "dkh 09/30/2014 14:01",
		"version:" : "dkh 7/12/2012 13:46",
		"wiresong:" : "dkh 7/17/2012 16:50" } }
