{
	"instance" : {
		"canUpgradeTo:" : " 9/28/2017 08:53:29",
		"createRepository" : " 9/28/2017 08:53:29",
		"mergeIntoMetacelloRepositories:" : " 9/28/2017 08:53:29",
		"removeFromMetacelloRepositories:" : " 9/28/2017 08:53:29",
		"username" : " 9/28/2017 08:53:29",
		"extractTypeFromDescription" : " 9/28/2017 08:53:29",
		"name" : " 9/28/2017 08:53:29",
		"type" : " 9/28/2017 08:53:29",
		"type:" : " 9/28/2017 08:53:29",
		"description:" : " 9/28/2017 08:53:29",
		"hasNoLoadConflicts:" : "dkh 02/26/2016 12:32",
		"configMethodOn:indent:" : " 9/28/2017 08:53:29",
		"mergeMap" : " 9/28/2017 08:53:29",
		"configMethodCascadeOn:lastCascade:" : " 9/28/2017 08:53:29",
		"description" : " 9/28/2017 08:53:29",
		"password:" : " 9/28/2017 08:53:29",
		"password" : " 9/28/2017 08:53:29",
		"addToMetacelloRepositories:" : " 9/28/2017 08:53:29",
		"username:" : " 9/28/2017 08:53:29"
	},
	"class" : { }
}