{
	"instance" : {
		"packages" : " 9/28/2017 08:53:29",
		"repositories" : " 9/28/2017 08:53:29",
		"isAllLoadedToSpec" : " 9/28/2017 08:53:29",
		"versionClass" : " 9/28/2017 08:53:29",
		"postCopy" : " 9/28/2017 08:53:29",
		"nonOverridable" : " 9/28/2017 08:53:29",
		"isPartiallyCurrent" : " 9/28/2017 08:53:29",
		"isAllLoadedToSpecAgainst:" : " 9/28/2017 08:53:29",
		"repository:username:password:" : " 9/28/2017 08:53:29",
		"configSpawnMethodOn:indent:" : " 9/28/2017 08:53:29",
		"updatedPackageSpecs" : " 9/28/2017 08:53:29",
		"removePackage:constructor:" : " 9/28/2017 08:53:29",
		"computeVersionStatus:" : " 9/28/2017 08:53:29",
		"repositoriesSpec" : " 9/28/2017 08:53:29",
		"mergeMap" : " 9/28/2017 08:53:29",
		"repositorySpecs" : " 9/28/2017 08:53:29",
		"specListProjectDo:packageDo:groupDo:" : " 9/28/2017 08:53:29",
		"package:with:constructor:" : " 9/28/2017 08:53:29",
		"packagesNeedSavingVisited:into:" : " 9/28/2017 08:53:29",
		"packageNames" : " 9/28/2017 08:53:29",
		"specsNamed:projectDo:packageDo:groupDo:" : " 9/28/2017 08:53:29",
		"currentlyLoadedExtensionClassesInVersion" : " 9/28/2017 08:53:29",
		"isLoadedMatchConstraints" : " 9/28/2017 08:53:29",
		"package:constructor:" : " 9/28/2017 08:53:29",
		"isSomethingLoadedAgainst:" : " 9/28/2017 08:53:29",
		"updateForSpawnMethod:" : " 9/28/2017 08:53:29",
		"isPartiallyCurrentAgainst:" : " 9/28/2017 08:53:29",
		"forceUpdatedPackageSpecs" : " 9/28/2017 08:53:29",
		"package:overrides:constructor:" : " 9/28/2017 08:53:29",
		"repositories:" : " 9/28/2017 08:53:29",
		"isLoadedToSpec" : " 9/28/2017 08:53:29",
		"mergeSpec:" : " 9/28/2017 08:53:29",
		"configMethodOn:last:indent:" : " 9/28/2017 08:53:29",
		"computeVersionStatus:matchBlock:" : " 9/28/2017 08:53:29",
		"isLoadedToSpecAgainst:" : " 9/28/2017 08:53:29",
		"packageSpecsInLoadOrderForMap:" : " 9/28/2017 08:53:29",
		"difference:" : " 9/28/2017 08:53:29",
		"currentlyLoadedClassesInVersion" : " 9/28/2017 08:53:29",
		"isPossibleBaseline" : " 9/28/2017 08:53:29",
		"isLoadedMatchConstraintsAgainst:" : " 9/28/2017 08:53:29",
		"repository:" : " 9/28/2017 08:53:29",
		"isSomethingLoaded" : " 9/28/2017 08:53:29"
	},
	"class" : { }
}