{
	"instance" : {
		"evalDoits" : " 9/28/2017 08:53:29",
		"loadedRepositories" : " 9/28/2017 08:53:29",
		"preLoad:" : "EstebanLorenzano 9/29/2017 13:18",
		"loadedPackages" : " 9/28/2017 08:53:29",
		"loadingSpecLoader" : " 9/28/2017 08:53:29",
		"loadPackageDirective:gofer:" : " 9/28/2017 08:53:29",
		"recordingSpecLoader" : " 9/28/2017 08:53:29",
		"afterLoads" : " 9/28/2017 08:53:29",
		"doingLoads:" : " 9/28/2017 08:53:29",
		"beforeLoads" : " 9/28/2017 08:53:29",
		"actionLabel" : " 9/28/2017 08:53:29",
		"linearLoadPackageSpec:gofer:" : " 9/28/2017 08:53:29",
		"packages" : " 9/28/2017 08:53:29",
		"evalDoits:" : " 9/28/2017 08:53:29",
		"loadPackageDirectives:gofer:" : " 9/28/2017 08:53:29",
		"ensureForDevelopment" : " 9/28/2017 08:53:29",
		"postLoad:" : "EstebanLorenzano 9/29/2017 13:18",
		"resolvePackageSpecReferences:gofer:" : " 9/28/2017 08:53:29",
		"resolveRecordingPackageSpecReference:gofer:" : " 9/28/2017 08:53:29",
		"currentVersionInfoFor:" : " 9/28/2017 08:53:29"
	},
	"class" : { }
}