{
	"instance" : {
		"prepostLoadsDo:" : " 9/28/2017 08:53:29",
		"loadPreloadDirective:" : " 9/28/2017 08:53:29",
		"versionDirectivesDepthFirstDo:" : " 9/28/2017 08:53:29",
		"loadPostloadDirective:" : " 9/28/2017 08:53:29",
		"loadDirectives:" : " 9/28/2017 08:53:29",
		"prepostLoadDirectivesDo:" : " 9/28/2017 08:53:29",
		"printLoadDirectivesOn:indent:" : " 9/28/2017 08:53:29",
		"loadPackageDirective:gofer:" : " 9/28/2017 08:53:29",
		"loadAtomicLoadDirective:gofer:" : " 9/28/2017 08:53:29",
		"versionDirectivesDo:" : " 9/28/2017 08:53:29",
		"printOn:indent:" : " 9/28/2017 08:53:29",
		"loadDirectives" : " 9/28/2017 08:53:29",
		"finalizeLoad:" : " 9/28/2017 08:53:29",
		"loadExplicitLoadDirective:gofer:" : " 9/28/2017 08:53:29",
		"add:" : " 9/28/2017 08:53:29",
		"packageDirectivesDo:" : " 9/28/2017 08:53:29",
		"versionDo:" : " 9/28/2017 08:53:29",
		"directivesDo:" : " 9/28/2017 08:53:29",
		"versionsDo:" : " 9/28/2017 08:53:29",
		"label" : " 9/28/2017 08:53:29",
		"loadLinearLoadDirective:gofer:" : " 9/28/2017 08:53:29",
		"packagesDo:" : " 9/28/2017 08:53:29",
		"spec" : " 9/28/2017 08:53:29",
		"isExplicit" : " 9/28/2017 08:53:29",
		"loadWithPolicy:" : " 9/28/2017 08:53:29"
	},
	"class" : { }
}