{
	"instance" : {
		"baseline10:" : " 9/28/2017 08:53:29",
		"fuelMetalevel:" : " 9/28/2017 08:53:29",
		"project" : " 9/28/2017 08:53:29",
		"customProjectAttributes" : " 9/28/2017 08:53:29",
		"version10:" : " 9/28/2017 08:53:29",
		"versionDevelopment:" : " 9/28/2017 08:53:29",
		"stable:" : " 9/28/2017 08:53:29",
		"development:" : " 9/28/2017 08:53:29",
		"fileSystemLegacy:" : " 9/28/2017 08:53:29"
	},
	"class" : {
		"load" : " 9/28/2017 08:53:29",
		"baseConfigurationClassIfAbsent:" : " 9/28/2017 08:53:29",
		"DevelopmentSupport" : " 9/28/2017 08:53:29",
		"ensureMetacello" : " 9/28/2017 08:53:29",
		"loadDevelopment" : " 9/28/2017 08:53:29",
		"isMetacelloConfig" : " 9/28/2017 08:53:29",
		"ensureMetacelloBaseConfiguration" : " 9/28/2017 08:53:29",
		"loadBleedingEdge" : " 9/28/2017 08:53:29",
		"validate" : " 9/28/2017 08:53:29",
		"project" : " 9/28/2017 08:53:29"
	}
}