{
	"instance" : {
		"metacelloIntegerLessThanSelf:" : "dkh 6/5/2012 19:01:24",
		"setPostLoadDoItInMetacelloSpec:" : "dkh 6/5/2012 19:01:24",
		"setBlessingInMetacelloVersion:" : "dkh 6/5/2012 19:01:24",
		"setDescriptionInMetacelloVersion:" : "dkh 6/5/2012 19:01:24",
		"setBlessingInMetacelloConfig:" : "dkh 6/5/2012 19:01:24",
		"metacelloStringLessThanSelf:" : "dkh 6/5/2012 19:01:24",
		"mergeIntoMetacelloPackages:" : "dkh 6/5/2012 19:01:24",
		"setImportInVersionSpec:" : "dkh 11/17/2013 17:19",
		"setPreLoadDoItInMetacelloSpec:" : "dkh 6/5/2012 19:01:24",
		"removeFromMetacelloPackages:" : "dkh 6/5/2012 19:01:24",
		"setRequiresInMetacelloPackage:" : "dkh 6/5/2012 19:01:24",
		"setTimestampInMetacelloConfig:" : "dkh 6/5/2012 19:01:24",
		"setTimestampInMetacelloVersion:" : "dkh 6/5/2012 19:01:24",
		"metacelloSemanticVersionComponentLessThan:" : "dkh 6/21/2012 20:43",
		"execute:against:" : "dkh 7/16/2012 10:51",
		"metacelloSemanticIntegerLessThanSelf:" : "dkh 6/21/2012 20:44",
		"addToMetacelloPackages:" : "dkh 6/5/2012 19:01:24",
		"setDescriptionInMetacelloConfig:" : "dkh 6/5/2012 19:01:24",
		"asMetacelloSemanticVersionNumber" : "dkh 6/21/2012 18:06",
		"setIncludesInMetacelloPackage:" : "dkh 6/5/2012 19:01:24",
		"setPackage:withInMetacelloConfig:" : "dkh 6/5/2012 19:01:24",
		"metacelloSemanticStringLessThanSelf:" : "dkh 6/21/2012 20:43",
		"setAuthorInMetacelloVersion:" : "dkh 6/5/2012 19:01:24",
		"metacelloVersionComponentLessThan:" : "dkh 6/5/2012 19:01:24",
		"asMetacelloVersionNumber" : "dkh 6/5/2012 19:01:24",
		"setAuthorInMetacelloConfig:" : "dkh 6/5/2012 19:01:24",
		"setLoadsInMetacelloProject:" : "dkh 6/5/2012 19:01:24",
		"setProject:withInMetacelloConfig:" : "dkh 6/5/2012 19:01:24"
	},
	"class" : { }
}