{
	"class" : {
		"cleanUp:" : "topa 9/21/2017 11:50",
		"initialize" : "dkh 6/12/2012 10:18:46.076" },
	"instance" : {
		"authorName" : "dkh 6/12/2012 10:18:46.076",
		"authorName:" : "dkh 6/12/2012 10:18:46.076",
		"cacheJSONFor:in:" : "topa 9/20/2017 13:44",
		"cacheMetadataFor:in:" : "topa 9/20/2017 13:43",
		"collection:do:displaying:" : "dkh 6/12/2012 10:18:46.076",
		"copyClass:as:inCategory:" : "dkh 6/12/2012 10:18:46.076",
		"createRepository:" : "dkh 6/12/2012 10:18:46.076",
		"defaultPlatformAttributes" : "topa 11/8/2017 01:17",
		"directoryFromPath:relativeTo:" : "tfel 7/29/2014 14:39",
		"do:displaying:" : "dkh 6/12/2012 10:18:46.076",
		"downloadJSON:eTagsCache:eTagsKey:username:pass:" : "topa 9/21/2017 14:03",
		"downloadJSON:username:pass:" : "topa 9/21/2017 14:04",
		"downloadProgressFor:" : "topa 1/17/2018 13:20",
		"downloadZipArchive:to:" : "topa 1/17/2018 12:27",
		"extractRepositoryFrom:to:" : "tfel 7/29/2014 14:42",
		"extractTypeFromDescription:" : "dkh 6/12/2012 10:18:46.076",
		"globalNamed:" : "dkh 6/12/2012 10:18:46.076",
		"globalNamed:ifAbsent:" : "dkh 6/12/2012 10:18:46.076",
		"httpGet:username:pass:do:" : "topa 9/21/2017 12:47",
		"streamFrom:to:ifFailed:" : "topa 1/17/2018 13:33",
		"string:includesSubstring:" : "topa 9/21/2017 11:04",
		"tempFileFor:suffix:" : "jr 10/19/2016 14:52",
		"timestamp" : "dkh 6/12/2012 10:18:46.076",
		"windowsTempDirectory" : "jr 3/11/2017 00:32" } }
