{
	"instance" : {
		"resolveToLoadableSpec" : " 9/28/2017 08:53:29",
		"repository" : "dkh 6/30/2012 12:32",
		"loadUsing:gofer:" : " 9/28/2017 08:53:29",
		"packagesNeedSavingVisited:using:into:" : " 9/28/2017 08:53:29",
		"isPackageLoaded" : " 9/28/2017 08:53:29",
		"repositorySpecs" : " 9/28/2017 08:53:29",
		"file" : " 9/28/2017 08:53:29",
		"resolveToAllPackagesIn:into:visited:" : " 9/28/2017 08:53:29",
		"version" : " 9/28/2017 08:53:29",
		"updatePackageSpec:using:" : " 9/28/2017 08:53:29",
		"getFile" : " 9/28/2017 08:53:29",
		"resolveToPackagesIn:visited:" : " 9/28/2017 08:53:29",
		"visitingWithPackages:" : " 9/28/2017 08:53:29",
		"resolveToAllPackagesIn:visited:" : " 9/28/2017 08:53:29",
		"resolveToPackagesIn:andProjects:visited:" : " 9/28/2017 08:53:29",
		"updateForSpawnMethod:" : " 9/28/2017 08:53:29",
		"forceUpdatePackageSpec:using:" : " 9/28/2017 08:53:29",
		"updatePackageRepositoriesFor:" : " 9/28/2017 08:53:29"
	},
	"class" : { }
}