{
	"instance" : {
		"requires:" : " 9/28/2017 08:54:38",
		"answers:" : " 9/28/2017 08:54:38",
		"relativeCurrentVersion" : " 9/28/2017 08:54:38",
		"repositorySpecs" : " 9/28/2017 08:54:38",
		"versionString:" : " 9/28/2017 08:54:38",
		"configMethodOn:indent:" : " 9/28/2017 08:54:38",
		"nonOverridable" : " 9/28/2017 08:54:38",
		"aboutToCopy" : " 9/28/2017 08:54:38",
		"postCopy" : " 9/28/2017 08:54:38",
		"mergeSpec:" : " 9/28/2017 08:54:38",
		"mergeMap" : " 9/28/2017 08:54:38",
		"hasRepository" : " 9/28/2017 08:54:38",
		"versionOrNil" : " 9/28/2017 08:54:38",
		"projectLabel" : " 9/28/2017 08:54:38",
		"projectName" : " 9/28/2017 08:54:38",
		"version" : " 9/28/2017 08:54:38",
		"referencedSpec" : " 9/28/2017 08:54:38",
		"includes:" : " 9/28/2017 08:54:38",
		"projectReference" : " 9/28/2017 08:54:38",
		"configMethodCascadeOn:member:last:indent:" : " 9/28/2017 08:54:38",
		"projectReference:" : " 9/28/2017 08:54:38",
		"repositories" : " 9/28/2017 08:54:38",
		"projectDo:packageDo:groupDo:" : " 9/28/2017 08:54:38",
		"mergeImportLoads:" : " 9/28/2017 08:54:38"
	},
	"class" : { }
}