{
	"instance" : {
		"validateVersionSpec:" : " 9/28/2017 08:53:29",
		"validateProjectVersionLoad:loads:" : " 9/28/2017 08:53:29",
		"errorReasonCodes" : " 9/28/2017 08:53:29",
		"validateVersionTests:" : " 9/28/2017 08:53:29",
		"validateBaselineVersionSpec:" : " 9/28/2017 08:53:29",
		"criticalWarningReasonCodes" : " 9/28/2017 08:53:29",
		"validateVersionSpecForSymbolicVersion:symbolicVersion:" : " 9/28/2017 08:53:29",
		"warningReasonCodes" : " 9/28/2017 08:53:29",
		"validateVersionLoad:loads:" : " 9/28/2017 08:53:29",
		"validateCleanLoadAndTestsForVersion:loads:" : " 9/28/2017 08:53:29",
		"validateProjectLoad" : " 9/28/2017 08:53:29"
	},
	"class" : {
		"populateReasonCodeDescriptions" : " 9/28/2017 08:53:29",
		"validateConfigurationLoad:" : " 9/28/2017 08:53:29",
		"validateConfigurationLoad:version:loads:" : " 9/28/2017 08:53:29",
		"validateConfigurationLoad:version:" : " 9/28/2017 08:53:29"
	}
}