{
	"class" : {
		"basicDescription" : "9/28/2017 08:53:52",
		"cacheDirectory" : "9/28/2017 08:53:52",
		"cacheDirectory:" : "9/28/2017 08:53:52",
		"cacheDirectoryFor:" : "9/28/2017 08:53:52",
		"cacheDirectoryPath" : "9/28/2017 08:53:52",
		"cacheDirectoryPath:" : "9/28/2017 08:53:52",
		"defaultCacheDirectory" : "9/28/2017 08:53:52",
		"description" : "9/28/2017 08:53:52",
		"downloadCache" : "9/28/2017 08:53:52",
		"downloadCacheKey:version:" : "9/28/2017 08:53:52",
		"flushDownloadCache" : "9/28/2017 08:53:52",
		"flushProjectEntry:version:" : "9/28/2017 08:53:52",
		"initialize" : "EstebanLorenzano 10/2/2017 10:42",
		"isAbstract" : "9/28/2017 08:53:52",
		"isEnabled" : "9/28/2017 08:53:52",
		"location:" : "9/28/2017 08:53:52",
		"location:version:" : "9/28/2017 08:53:52",
		"parseLocation:version:" : "9/28/2017 08:53:52",
		"parseProjectVersionField:desc:versionDelim:" : "9/28/2017 08:53:52",
		"projectDirectoryFrom:version:" : "TravisCI 7/28/2016 16:04",
		"projectTagsUrlFor:" : "9/28/2017 08:53:52",
		"projectVersionFromString:" : "9/28/2017 08:53:52",
		"projectZipUrlFor:versionString:" : "9/28/2017 08:53:52",
		"resetCacheDirectoryIfInvalid" : "9/28/2017 08:53:52",
		"sitePassword" : "9/28/2017 08:53:52",
		"sitePassword:" : "9/28/2017 08:53:52",
		"siteUsername" : "9/28/2017 08:53:52",
		"siteUsername:" : "9/28/2017 08:53:52",
		"siteUsername:sitePassword:" : "9/28/2017 08:53:52",
		"startUp:" : "9/28/2017 08:53:52" },
	"instance" : {
		"asRepositorySpecFor:" : "dkh 10/14/2014 09:42",
		"canUpgradeTo:" : "9/28/2017 08:53:52",
		"description" : "9/28/2017 08:53:52",
		"directory" : "9/28/2017 08:53:52",
		"directoryDescription" : "9/28/2017 08:53:52",
		"downloadJSONTags" : "9/28/2017 08:53:52",
		"flushCache" : "9/28/2017 08:53:52",
		"flushForScriptGet" : "9/28/2017 08:53:52",
		"hasNoLoadConflicts:" : "9/28/2017 08:53:52",
		"hash" : "9/28/2017 08:53:52",
		"initialize" : "9/28/2017 08:53:52",
		"isValid" : "9/28/2017 08:53:52",
		"metacelloProjectClassFor:" : "9/28/2017 08:53:52",
		"normalizeTagsData:" : "9/28/2017 08:53:52",
		"projectPath" : "9/28/2017 08:53:52",
		"projectPath:" : "9/28/2017 08:53:52",
		"projectPath:projectVersion:repoPath:" : "9/28/2017 08:53:52",
		"projectTagsUrlFor:" : "9/28/2017 08:53:52",
		"projectVersion" : "9/28/2017 08:53:52",
		"projectVersion:" : "9/28/2017 08:53:52",
		"projectVersionEscaped" : "9/28/2017 08:53:52",
		"projectVersionPattern" : "9/28/2017 08:53:52",
		"projectVersionPattern:" : "9/28/2017 08:53:52",
		"repoPath" : "9/28/2017 08:53:52",
		"repoPath:" : "9/28/2017 08:53:52",
		"repositoryBranchName" : "9/28/2017 08:53:52",
		"repositoryVersionString" : "9/28/2017 08:53:52",
		"resolveProjectVersionPattern:" : "9/28/2017 08:53:52" } }
