{
	"class" : {
		"title" : "DaleHenrichs 1/14/2011 12:22:17" },
	"instance" : {
		"create10Baseline" : "DaleHenrichs 1/14/2011 12:22:17",
		"create11Baseline" : "DaleHenrichs 1/14/2011 12:22:17",
		"intro" : "DaleHenrichs 1/14/2011 12:22:17",
		"introductionText" : "DaleHenrichs 1/14/2011 12:22:17",
		"open10ForDevelopment" : "DaleHenrichs 1/14/2011 12:22:17",
		"open11ForDevelopment" : "DaleHenrichs 1/14/2011 12:22:17",
		"releaseVersion10" : "DaleHenrichs 1/14/2011 12:22:17",
		"releaseVersion11PharoOnly" : "DaleHenrichs 1/14/2011 12:22:17",
		"tutorial" : "DaleHenrichs 1/14/2011 12:22:17",
		"updateVersion10" : "DaleHenrichs 1/14/2011 12:22:17" } }
