{
	"instance" : {
		"registrationFor:ifPresent:ifAbsent:" : " 9/28/2017 08:54:38",
		"configurationProjectSpecs" : " 9/28/2017 08:54:38",
		"primeRegistryFromImage" : " 9/28/2017 08:54:38",
		"registerProjectRegistration:" : " 9/28/2017 08:54:38",
		"configurationRegistry" : " 9/28/2017 08:54:38",
		"primeRegistryCurrentVersionFor:" : " 9/28/2017 08:54:38",
		"primeRegistryFromImage:baselineClasses:prioritizeConfiguration:" : " 9/28/2017 08:54:38",
		"postCopy" : " 9/28/2017 08:54:38",
		"primeRegistryFromImage:baselineClasses:" : " 9/28/2017 08:54:38",
		"primeRegistryFromImage:" : " 9/28/2017 08:54:38",
		"primeRegistryProjectSpecRegistered:" : " 9/28/2017 08:54:38",
		"registrationForExactClassNamed:ifAbsent:" : " 9/28/2017 08:54:38",
		"registrationForClassNamed:ifAbsent:" : " 9/28/2017 08:54:38",
		"unregisterProjectRegistration:" : " 9/28/2017 08:54:38",
		"primeRegisterLoadedProjectSpec:" : " 9/28/2017 08:54:38",
		"projectSpecs" : " 9/28/2017 08:54:38",
		"baselineProjectSpecs" : " 9/28/2017 08:54:38",
		"baselineRegistry" : " 9/28/2017 08:54:38",
		"projectSpecForClassNamed:ifAbsent:" : " 9/28/2017 08:54:38",
		"registrations" : " 9/28/2017 08:54:38",
		"isEmpty" : " 9/28/2017 08:54:38"
	},
	"class" : { }
}