{
	"instance" : {
		"shouldDisablePackageCache:" : " 9/28/2017 08:53:29",
		"nameComponentsFrom:" : " 9/28/2017 08:53:29",
		"linearLoadPackageSpecs:repositories:" : " 9/28/2017 08:53:29",
		"preLoad:" : " 9/28/2017 08:53:29",
		"initialize" : " 9/28/2017 08:53:29",
		"repositoriesFrom:" : " 9/28/2017 08:53:29",
		"doLoad" : " 9/28/2017 08:53:29",
		"hasRepositoryOverrides" : " 9/28/2017 08:53:29",
		"loaderPolicy" : " 9/28/2017 08:53:29",
		"ancestorsFor:" : " 9/28/2017 08:53:29",
		"loadPackageDirective:gofer:" : " 9/28/2017 08:53:29",
		"loadingSpecLoader" : " 9/28/2017 08:53:29",
		"recordingSpecLoader" : " 9/28/2017 08:53:29",
		"repositoriesFrom:ignoreOverrides:" : " 9/28/2017 08:53:29",
		"shouldDisablePackageCache" : " 9/28/2017 08:53:29",
		"repositoryMap" : " 9/28/2017 08:53:29",
		"loaderPolicy:" : " 9/28/2017 08:53:29",
		"doingLoads:" : " 9/28/2017 08:53:29",
		"resolvePackageSpec:gofer:" : " 9/28/2017 08:53:29",
		"linearLoadPackageSpec:gofer:" : " 9/28/2017 08:53:29",
		"operator:" : " 9/28/2017 08:53:29",
		"retryingResolvePackageSpecReferences:gofer:" : " 9/28/2017 08:53:29",
		"ignoreImage" : " 9/28/2017 08:53:29",
		"ensureSpecLoader" : " 9/28/2017 08:53:29",
		"fetchingSpecLoader" : " 9/28/2017 08:53:29",
		"loadPackageDirectives:gofer:" : " 9/28/2017 08:53:29",
		"load" : " 9/28/2017 08:53:29",
		"ensureForDevelopment" : " 9/28/2017 08:53:29",
		"operator" : " 9/28/2017 08:53:29",
		"postLoad:" : " 9/28/2017 08:53:29",
		"currentVersionInfoFor:" : " 9/28/2017 08:53:29",
		"resolvePackageSpecReferences:gofer:" : " 9/28/2017 08:53:29"
	},
	"class" : {
		"nameComponentsFrom:" : " 9/28/2017 08:53:29",
		"retryPackageResolution" : " 9/28/2017 08:53:29",
		"retryPackageResolution:" : " 9/28/2017 08:53:29"
	}
}