{
	"class" : {
		"defaultPackageExtension" : "dkh 4/4/2012 14:27",
		"defaultPackageExtension:" : "dkh 4/4/2012 14:36",
		"defaultPropertyFileExtension" : "dkh 07/10/2013 11:43:55",
		"defaultPropertyFileExtension:" : "dkh 07/10/2013 11:43:55",
		"description" : "dkh 2/16/2012 14:49:00",
		"parseName:" : "dkh 2/29/2012 09:40:37",
		"parseName:extension:" : "dkh 2/16/2012 14:49:00",
		"validatePropertyFileExtension:" : "dkh 07/10/2013 11:43:55" },
	"instance" : {
		"allFileNames" : "dkh 6/16/2012 09:03",
		"allVersionNames" : "dkh 10/28/2014 11:24",
		"asRepositorySpecFor:" : "dkh 2/16/2012 14:49:00",
		"basicStoreVersion:" : "dkh 4/5/2012 10:33",
		"cache" : "dkh 10/28/2014 10:59",
		"cacheAllFileNamesDuring:" : "DS 5/6/2015 11:02",
		"cachedFileNames" : "dkh 2/16/2012 14:49:00",
		"canReadFileNamed:" : "dkh 2/29/2012 10:15",
		"defaultRepositoryProperties" : "dkh 07/10/2013 11:43:55",
		"description" : "dkh 2/16/2012 14:49:00",
		"directory:" : "dkh 3/7/2012 17:09:47",
		"fileDirectoryOn:" : "dkh 6/16/2012 09:02",
		"fileUtils" : "dkh 8/10/2012 14:55:31.237",
		"flushCache" : "dkh 07/10/2013 11:43:55",
		"goferVersionFrom:" : "dkh 2/29/2012 12:12",
		"packageDescriptionFromPackageDirectory:" : "dkh 6/27/2012 20:14",
		"packageDescriptionsFromReadableFileNames" : "dkh 2/16/2012 14:49:00",
		"packageExtension" : "dkh 2/29/2012 10:11",
		"parseName:extension:" : "dkh 2/29/2012 11:39",
		"propertyFileExtension" : "dkh 07/10/2013 11:43:55",
		"propertyFileExtension:" : "dkh 07/10/2013 11:43:55",
		"readStreamForFileNamed:do:" : "dkh 2/16/2012 14:49:00",
		"readableFileNames" : "dkh 10/28/2014 11:28",
		"readonly" : "dkh 2/16/2012 14:49:00",
		"readonly:" : "dkh 2/16/2012 14:49:00",
		"repositoryProperties" : "dkh 8/10/2012 07:54",
		"versionFromFileNamed:" : "dkh 2/16/2012 14:49:00",
		"versionInfoForPackageDirectory:" : "dkh 8/10/2012 07:56",
		"versionInfoFromFileNamed:" : "dkh 2/16/2012 14:49:00",
		"versionNameFromFileName:" : "dkh 2/16/2012 14:49:00",
		"versionNamed:" : "dkh 6/12/2012 17:33:23",
		"versionWithInfo:ifAbsent:" : "dkh 2/16/2012 14:49:00",
		"writeRepositoryProperties" : "dkh 8/10/2012 09:44",
		"writeStreamForFileNamed:replace:do:" : "dkh 2/16/2012 14:49:00" } }
