{
	"class" : {
		"fileNameForSelector:" : "dkh 9/8/2013 07:16:04",
		"initializeSpecials" : "PeterMcLain 10/02/2012 14:47",
		"monticelloMetaDirName" : "dkh 4/4/2012 15:05",
		"specials" : "dkh 4/4/2012 11:27" },
	"instance" : {
		"fileNameForSelector:" : "dkh 02/13/2013 17:04",
		"fileNameMapFor:" : "dkh 08/08/2013 18:37",
		"propertyFileExtension" : "dkh 07/07/2013 22:15",
		"setFileStream:" : "dkh 4/4/2012 14:01",
		"writeClassComment:" : "dkh 03/22/2013 11:30",
		"writeClassDefinition:" : "dkh 03/22/2013 13:51",
		"writeClassDefinition:to:" : "dkh 07/07/2013 22:13",
		"writeDefinitions:" : "08/08/2013 16:08",
		"writeExtensionClassDefinition:" : "dkh 4/4/2012 17:52",
		"writeExtensionClassDefinition:to:" : "dkh 07/07/2013 22:14",
		"writeMethodDefinition:" : "dkh 03/22/2013 11:30",
		"writeMethodDefinition:to:" : "dkh 07/18/2013 17:01",
		"writeMethodDefinition:to:filename:" : "dkh 07/18/2013 16:34",
		"writeMethodProperties:" : "dkh 6/12/2012 17:33:23",
		"writePropertiesFile" : "dkh 07/07/2013 22:14",
		"writeTraitDefinition:" : "topa 7/22/2013 14:54",
		"writeTraitDefinition:to:" : "topa 7/22/2013 14:47" } }
