{
	"instance" : {
		"pushExplicitLoadDirectivesDuring:for:" : " 9/28/2017 08:53:29",
		"initialize" : " 9/28/2017 08:53:29",
		"overrideRepositories" : " 9/28/2017 08:53:29",
		"hasRepositoryOverrides" : " 9/28/2017 08:53:29",
		"cacheRepository:" : " 9/28/2017 08:53:29",
		"loadData" : " 9/28/2017 08:53:29",
		"repositoryMap" : " 9/28/2017 08:53:29",
		"resetCacheGofer" : " 9/28/2017 08:53:29",
		"ensuredMap" : " 9/28/2017 08:53:29",
		"pushAtomicLoadDirectivesDuring:for:" : " 9/28/2017 08:53:29",
		"silently" : " 9/28/2017 08:53:29",
		"ignoreImage" : " 9/28/2017 08:53:29",
		"ensuredMap:" : " 9/28/2017 08:53:29",
		"loadDirective" : " 9/28/2017 08:53:29",
		"cacheRepository" : " 9/28/2017 08:53:29",
		"cacheGofer" : " 9/28/2017 08:53:29",
		"repositoryMap:" : " 9/28/2017 08:53:29",
		"silently:" : " 9/28/2017 08:53:29",
		"ignoreImage:" : " 9/28/2017 08:53:29",
		"load" : " 9/28/2017 08:53:29",
		"pushLinearLoadDirectivesDuring:for:" : " 9/28/2017 08:53:29",
		"overrideRepositories:" : " 9/28/2017 08:53:29",
		"pushLoadDirective:during:" : " 9/28/2017 08:53:29"
	},
	"class" : {
		"overrideRepositories:" : " 9/28/2017 08:53:29"
	}
}