{
	"class" : {
		"new" : "dkh 2/16/2012 14:39:25",
		"on:" : "dkh 2/16/2012 14:39:25",
		"parse:" : "dkh 2/16/2012 14:39:25",
		"parseStream:" : "dkh 2/16/2012 14:39:25" },
	"instance" : {
		"addProperty:to:" : "dkh 2/16/2012 14:39:25",
		"addValue:to:" : "dkh 2/16/2012 14:39:25",
		"createArray" : "dkh 2/16/2012 14:39:25",
		"createFalse" : "dkh 2/16/2012 14:39:25",
		"createNull" : "dkh 2/16/2012 14:39:25",
		"createNumber:" : "dkh 2/16/2012 14:39:25",
		"createObject" : "dkh 2/16/2012 14:39:25",
		"createProperty:with:" : "dkh 2/16/2012 14:39:25",
		"createString:" : "dkh 2/16/2012 14:39:25",
		"createTrue" : "dkh 2/16/2012 14:39:25",
		"expect:" : "dkh 2/16/2012 14:39:25",
		"initializeOn:" : "dkh 2/16/2012 14:39:25",
		"match:" : "dkh 2/16/2012 14:39:25",
		"parse" : "dkh 2/16/2012 14:39:25",
		"parseArray" : "dkh 2/16/2012 14:39:25",
		"parseCharacter" : "dkh 2/16/2012 14:39:25",
		"parseCharacterHex" : "dkh 2/16/2012 14:39:25",
		"parseCharacterHexDigit" : "dkh 4/6/2012 15:56:14",
		"parseNumber" : "dkh 2/16/2012 14:39:25",
		"parseNumberExponent" : "dkh 4/6/2012 15:56:14",
		"parseNumberFraction" : "dkh 4/6/2012 15:56:14",
		"parseNumberInteger" : "dkh 4/6/2012 15:56:14",
		"parseObject" : "dkh 2/16/2012 14:39:25",
		"parseProperty" : "dkh 2/16/2012 14:39:25",
		"parseString" : "dkh 2/16/2012 14:39:25",
		"parseValue" : "dkh 2/16/2012 14:39:25",
		"whitespace" : "dkh 2/16/2012 14:39:25" } }
