{
	"instance" : {
		"canUpgradeTo:" : " 9/28/2017 08:53:29",
		"validateVersionString:withDefaultVersionString:" : " 9/28/2017 08:53:29",
		"asProjectRegistration" : " 9/28/2017 08:53:29",
		"versionString:constructor:" : " 9/28/2017 08:53:29",
		"hasConflictWithProjectSpec:" : " 9/28/2017 08:53:29",
		"canDowngradeTo:" : " 9/28/2017 08:53:29",
		"mergeSpec:" : " 9/28/2017 08:53:29",
		"asBaselineProjectSpec" : " 9/28/2017 08:53:29",
		"repositoryVersionString" : " 9/28/2017 08:53:29",
		"constructClassName" : " 9/28/2017 08:53:29",
		"projectLabel" : " 9/28/2017 08:53:29",
		"configHasVersionString" : " 9/28/2017 08:53:29",
		"ensureConfigurationLoaded:ensured:" : " 9/28/2017 08:53:29",
		"copyForRegistration:onWrite:" : " 9/28/2017 08:53:29",
		"isBaselineOfProjectSpec" : " 9/28/2017 08:53:29",
		"version" : " 9/28/2017 08:53:29",
		"versionString" : " 9/28/2017 08:53:29",
		"hasClassName" : " 9/28/2017 08:53:29",
		"repositoryBranchName" : " 9/28/2017 08:53:29",
		"determineCurrentVersionForLoad" : " 9/28/2017 08:53:29",
		"hasConflictWithConfigurationSpec:" : " 9/28/2017 08:53:29",
		"ensureLoadUsing:" : " 9/28/2017 08:53:29",
		"mergeRepositoriesSpec:" : " 9/28/2017 08:53:29",
		"mergeImportLoads:" : " 9/28/2017 08:53:29",
		"version:constructor:" : " 9/28/2017 08:53:29"
	},
	"class" : { }
}