{
	"instance" : {
		"compareLessThan:other:version:" : " 9/28/2017 08:54:38",
		"decrementMinorVersion" : " 9/28/2017 08:54:38",
		"do:separatedBy:" : " 9/28/2017 08:54:38",
		"normalVersion:" : " 9/28/2017 08:54:38",
		"incrementMinorVersion" : " 9/28/2017 08:54:38",
		"decrementMajorVersion" : " 9/28/2017 08:54:38",
		"buildVersion" : " 9/28/2017 08:54:38",
		"compareLessThan:" : " 9/28/2017 08:54:38",
		"compareEqualTo:other:" : " 9/28/2017 08:54:38",
		"<" : " 9/28/2017 08:54:38",
		"approximateBase" : " 9/28/2017 08:54:38",
		"compareEqualTo:" : " 9/28/2017 08:54:38",
		"do:" : " 9/28/2017 08:54:38",
		"decrementNormalVersionAt:" : " 9/28/2017 08:54:38",
		"asString" : " 9/28/2017 08:54:38",
		"incrementMajorVersion" : " 9/28/2017 08:54:38",
		"asMetacelloSemanticVersionNumber" : " 9/28/2017 08:54:38",
		"buildVersion:" : " 9/28/2017 08:54:38",
		"decrementPatchVersion" : " 9/28/2017 08:54:38",
		"copyFrom:to:" : " 9/28/2017 08:54:38",
		"incrementMinorVersionNumber" : " 9/28/2017 08:54:38",
		"incrementPatchVersion" : " 9/28/2017 08:54:38",
		"hash" : " 9/28/2017 08:54:38",
		"incrementNormalVersionAt:" : " 9/28/2017 08:54:38",
		"match:" : " 9/28/2017 08:54:38",
		"postCopy" : " 9/28/2017 08:54:38",
		"preReleaseVersion" : " 9/28/2017 08:54:38",
		"=" : " 9/28/2017 08:54:38",
		"preReleaseVersion:" : " 9/28/2017 08:54:38",
		"normalVersion" : " 9/28/2017 08:54:38",
		"print:prefix:on:" : " 9/28/2017 08:54:38",
		"decrementMinorVersionNumber" : " 9/28/2017 08:54:38",
		"printOn:" : " 9/28/2017 08:54:38",
		"versionComponents" : " 9/28/2017 08:54:38",
		"versionString" : " 9/28/2017 08:54:38",
		"~>" : " 9/28/2017 08:54:38"
	},
	"class" : {
		"fromString:forPattern:" : "dkh 05/03/2016 07:12",
		"extractNumericComponent:forPattern:" : " 9/28/2017 08:54:38",
		"validateVersionNumber:against:" : "dkh 05/03/2016 07:45",
		"isSemanticIdentifier:" : " 9/28/2017 08:54:38",
		"fromString:" : "dkh 05/03/2016 07:42",
		"integerFromString:" : "dkh 05/04/2016 06:24"
	}
}