{
	"instance" : {
		"projectName:" : " 9/28/2017 08:54:38",
		"hasLoadConflicts:" : " 9/28/2017 08:54:38",
		"versionInfo" : " 9/28/2017 08:54:38",
		"unregisterProject" : " 9/28/2017 08:54:38",
		"printOn:" : " 9/28/2017 08:54:38",
		"baselineProjectSpecIfPresent:ifAbsent:" : " 9/28/2017 08:54:38",
		"locked:" : " 9/28/2017 08:54:38",
		"baselineProjectSpecIfAbsent:" : " 9/28/2017 08:54:38",
		"currentBranchName" : " 9/28/2017 08:54:38",
		"postCopy" : " 9/28/2017 08:54:38",
		"merge:" : "EstebanLorenzano 9/19/2017 11:39",
		"projectSpec" : " 9/28/2017 08:54:38",
		"mutable" : " 9/28/2017 08:54:38",
		"configurationProjectSpec:" : " 9/28/2017 08:54:38",
		"lookupConfigurationSpec" : " 9/28/2017 08:54:38",
		"baselineProjectSpec" : " 9/28/2017 08:54:38",
		"projectVersion" : " 9/28/2017 08:54:38",
		"lookupBaselineSpec" : " 9/28/2017 08:54:38",
		"currentlyLoadedClassesInProject" : " 9/28/2017 08:54:38",
		"repositoryDescriptions" : " 9/28/2017 08:54:38",
		"shouldBeMutable" : " 9/28/2017 08:54:38",
		"currentVersionString" : "EstebanLorenzano 9/27/2017 17:11",
		"immutable" : " 9/28/2017 08:54:38",
		"registerProject" : " 9/28/2017 08:54:38",
		"versionInfo:" : " 9/28/2017 08:54:38",
		"hash" : " 8/31/2017 07:16:49",
		"projectName" : " 9/28/2017 08:54:38",
		"isValid" : " 9/28/2017 08:54:38",
		"baselineProjectSpec:" : " 9/28/2017 08:54:38",
		"locked" : " 9/28/2017 08:54:38",
		"version" : " 9/28/2017 08:54:38",
		"configurationProjectSpecIfAbsent:" : " 9/28/2017 08:54:38",
		"loadedInImage" : " 9/28/2017 08:54:38",
		"configurationProjectSpecIfPresent:ifAbsent:" : " 9/28/2017 08:54:38",
		"configurationProjectSpec" : " 9/28/2017 08:54:38",
		"baseName" : " 9/28/2017 08:54:38",
		"validate" : " 9/28/2017 08:54:38",
		"=" : " 8/31/2017 07:16:49",
		"copyOnWrite:" : " 9/28/2017 08:54:38",
		"loadedInImage:" : " 9/28/2017 08:54:38",
		"isMutable" : " 9/28/2017 08:54:38",
		"canDowngradeTo:" : " 9/28/2017 08:54:38",
		"canUpgradeTo:" : " 9/28/2017 08:54:38"
	},
	"class" : {
		"registry:" : " 9/28/2017 08:54:38",
		"copyRegistryRestoreOnErrorWhile:" : " 9/28/2017 08:54:38",
		"registerProjectSpec:ifPresent:" : " 9/28/2017 08:54:38",
		"configurationProjectSpecs" : " 9/28/2017 08:54:38",
		"fromMCConfigurationProjectSpec:" : " 9/28/2017 08:54:38",
		"copyRegistryWhile:" : " 9/28/2017 08:54:38",
		"classRemoved:" : " 9/28/2017 08:54:38",
		"configurationClasses" : " 9/28/2017 08:54:38",
		"baselineProjectSpecs" : " 9/28/2017 08:54:38",
		"projectSpecs" : " 9/28/2017 08:54:38",
		"registrationForClassNamed:ifAbsent:" : " 9/28/2017 08:54:38",
		"registrationForProjectSpec:ifAbsent:ifPresent:" : " 9/28/2017 08:54:38",
		"projectSpecForClassNamed:ifAbsent:" : " 9/28/2017 08:54:38",
		"fromMCBaselineProjectSpec:" : " 9/28/2017 08:54:38",
		"registry" : " 9/28/2017 08:54:38",
		"resetRegistry" : " 9/28/2017 08:54:38",
		"primeRegistryFromImage" : " 9/28/2017 08:54:38",
		"baselineClasses" : " 9/28/2017 08:54:38"
	}
}