{
	"class" : {
		 },
	"instance" : {
		"classDefinitions" : "dkh 4/5/2012 11:15:15",
		"classTraitDefinitions" : "dkh 08/08/2013 19:02:56",
		"methodDefinitions" : "dkh 4/5/2012 11:15:15",
		"traitDefinitions" : "dkh 08/08/2013 19:02:56",
		"visitClassDefinition:" : "dkh 4/5/2012 11:15:15",
		"visitClassTraitDefinition:" : "dkh 08/08/2013 19:02:56",
		"visitMethodDefinition:" : "dkh 4/5/2012 11:15:15",
		"visitTraitDefinition:" : "dkh 08/08/2013 19:02:56",
		"writeClassDefinition:to:" : "dkh 4/5/2012 11:15:15",
		"writeClassTraitDefinition:to:" : "dkh 08/08/2013 19:02:56",
		"writeDefinitions:" : "dkh 08/08/2013 18:34",
		"writeMethodDefinition:to:" : "dkh 4/5/2012 11:15:15",
		"writeMethodHolderDefinitions:extension:to:do:" : "08/08/2013 15:40",
		"writeTraitDefinition:to:" : "dkh 08/08/2013 19:02:56" } }
