{
	"instance" : {
		"aProjectIsLoaded:" : " 9/28/2017 08:53:29",
		"aProjectNotLoaded:" : " 9/28/2017 08:53:29",
		"aLoadedProjectIsExact:" : " 9/28/2017 08:53:29",
		"aPackageNotLoaded:" : " 9/28/2017 08:53:29",
		"hasNoProject" : " 9/28/2017 08:53:29",
		"hasNoPackage:" : " 9/28/2017 08:53:29",
		"aPackageIsLoaded:" : " 9/28/2017 08:53:29",
		"initialize" : " 9/28/2017 08:53:29",
		"isAllLoadedToSpec:" : " 9/28/2017 08:53:29",
		"vrsnStatus" : " 9/28/2017 08:53:29",
		"aLoadedProjectIsExact" : " 9/28/2017 08:53:29",
		"aPackageIsLoaded" : " 9/28/2017 08:53:29",
		"aLoadedPackageIsNotCurrent" : " 9/28/2017 08:53:29",
		"aProjectNotLoaded" : " 9/28/2017 08:53:29",
		"evaluateStatus:" : " 9/28/2017 08:53:29",
		"hasNoPackage" : " 9/28/2017 08:53:29",
		"aLoadedPackageIsCurrent" : " 9/28/2017 08:53:29",
		"aPackageNotLoaded" : " 9/28/2017 08:53:29",
		"isLoadedMatchConstraints:" : " 9/28/2017 08:53:29",
		"aLoadedPackageIsExact:" : " 9/28/2017 08:53:29",
		"abort:" : " 9/28/2017 08:53:29",
		"aLoadedPackageIsNotCurrent:" : " 9/28/2017 08:53:29",
		"abort" : " 9/28/2017 08:53:29",
		"hasNoProject:" : " 9/28/2017 08:53:29",
		"aLoadedProjectIsNotCurrent:" : " 9/28/2017 08:53:29",
		"aLoadedPackageIsExact" : " 9/28/2017 08:53:29",
		"isLoadedToSpec:" : " 9/28/2017 08:53:29",
		"isSomethingLoaded:" : " 9/28/2017 08:53:29",
		"aProjectIsLoaded" : " 9/28/2017 08:53:29",
		"aLoadedProjectIsCurrent:" : " 9/28/2017 08:53:29",
		"aLoadedPackageIsCurrent:" : " 9/28/2017 08:53:29",
		"aLoadedProjectIsNotCurrent" : " 9/28/2017 08:53:29"
	},
	"class" : {
		"new" : " 9/28/2017 08:53:29"
	}
}