{
	"commentStamp" : "",
	"super" : "Object",
	"category" : "Metacello-MC-Specs",
	"classinstvars" : [ ],
	"pools" : [ ],
	"classvars" : [ ],
	"instvars" : [
		"hasNoPackage",
		"hasNoProject",
		"aProjectIsLoaded",
		"aPackageIsLoaded",
		"aLoadedProjectIsExact",
		"aLoadedPackageIsExact",
		"aLoadedProjectIsCurrent",
		"aLoadedPackageIsCurrent",
		"aLoadedProjectIsNotCurrent",
		"aLoadedPackageIsNotCurrent",
		"aProjectNotLoaded",
		"aPackageNotLoaded",
		"vrsnStatus",
		"abort"
	],
	"name" : "MetacelloMCPartiallyLoadedStatus",
	"type" : "normal"
}