{
	"instance" : {
		"deleteFileNamed:" : "EstebanLorenzano 10/24/2017 15:38",
		"extractRepositoryFrom:to:" : "EstebanLorenzano 9/27/2017 17:20",
		"authorName:" : "ChristopheDemarey 4/30/2013 09:23",
		"compiler" : "EstebanLorenzano 9/27/2017 17:19",
		"downloadBasicFile:to:username:pass:" : "EstebanLorenzano 9/27/2017 17:19",
		"timestamp" : "ChristopheDemarey 4/30/2013 09:25",
		"createRepository:" : "ChristopheDemarey 4/30/2013 09:24",
		"copyClass:as:inCategory:" : "CamilleTeruel 11/21/2013 12:43",
		"collection:do:displaying:" : "ChristopheDemarey 4/30/2013 09:24",
		"downloadZipArchive:to:" : "TravisCI 7/28/2016 17:00",
		"extractTypeFromDescription:" : "ChristopheDemarey 4/30/2013 09:25",
		"defaultPlatformAttributes" : "ChristopheDemarey 4/30/2013 09:24",
		"authorName" : "EstebanLorenzano 9/27/2017 17:19",
		"downloadJSON:username:pass:" : "EstebanLorenzano 10/6/2017 19:43",
		"do:displaying:" : "CyrilFerlicot 11/2/2017 20:18"
	},
	"class" : { }
}