{
	"instance" : {
		"preLoad:" : " 9/28/2017 08:53:29",
		"linearLoadPackageSpecs:repositories:" : " 9/28/2017 08:53:29",
		"scheduleFetchFor:reference:message:" : " 9/28/2017 08:53:29",
		"doLoad" : " 9/28/2017 08:53:29",
		"ancestorsFor:" : " 9/28/2017 08:53:29",
		"loadingSpecLoader" : " 9/28/2017 08:53:29",
		"loadData" : " 9/28/2017 08:53:29",
		"atomicLoadPackageSpecs:repositories:" : " 9/28/2017 08:53:29",
		"explicitLoadPackageSpecs:repositories:" : " 9/28/2017 08:53:29",
		"resolvePackageSpec:cachedGofer:" : " 9/28/2017 08:53:29",
		"ensuredMap" : " 9/28/2017 08:53:29",
		"actionLabel" : " 9/28/2017 08:53:29",
		"linearLoadPackageSpec:gofer:" : "dkh 07/07/2016 10:30",
		"scheduleFetchFor:cachedReference:" : " 9/28/2017 08:53:29",
		"ensureSpecLoader" : " 9/28/2017 08:53:29",
		"loadDirective" : " 9/28/2017 08:53:29",
		"cacheRepository" : " 9/28/2017 08:53:29",
		"scheduleFetchFor:nearestReference:" : " 9/28/2017 08:53:29",
		"postLoad:" : " 9/28/2017 08:53:29",
		"printOn:" : " 9/28/2017 08:53:29",
		"scheduleFetchFor:externalReference:" : " 9/28/2017 08:53:29",
		"currentVersionInfoFor:" : " 9/28/2017 08:53:29",
		"resolveDependencies:nearest:into:" : " 9/28/2017 08:53:29"
	},
	"class" : { }
}