{
	"class" : {
		"readerClass" : "dkh 3/1/2012 13:09" },
	"instance" : {
		"addString:at:" : "dkh 8/10/2012 05:26",
		"addString:at:encodedTo:" : "dkh 7/7/2013 15:41:32",
		"deleteExistingPackageStructureFor:" : "dkh 8/10/2012 07:12",
		"fileUtils" : "dkh 8/10/2012 07:05",
		"flush" : "dkh 2/16/2012 14:49:00",
		"initializePackageFileDirectoryCache" : "dkh 8/10/2012 14:01",
		"packageFileDirectory" : "dkh 8/10/2012 07:14",
		"repository" : "dkh 07/07/2013 22:10",
		"snapshotWriterClass" : "dkh 2/29/2012 13:59",
		"subPackageFileDirectoryFor:" : "dkh 8/10/2012 07:16",
		"writeSnapshot:" : "dkh 2/16/2012 14:49:00",
		"writeVersion:" : "dkh 8/10/2012 14:51" } }
