{
	"instance" : {
		"savePackage" : " 9/28/2017 08:53:29",
		"currentPackageLoaded:comparing:notLoaded:using:" : " 9/28/2017 08:53:29",
		"load" : " 9/28/2017 08:53:29",
		"ensureLoadUsing:" : " 9/28/2017 08:53:29",
		"fetchPackage:" : " 9/28/2017 08:53:29",
		"file:" : " 9/28/2017 08:53:29",
		"supplyingAnswers:constructor:" : " 9/28/2017 08:53:29",
		"updatePackageRepositories:" : " 9/28/2017 08:53:29",
		"nonOverridable" : " 9/28/2017 08:53:29",
		"postCopy" : " 9/28/2017 08:53:29",
		"loadUsing:gofer:" : " 9/28/2017 08:53:29",
		"visitingWithPackages:" : " 9/28/2017 08:53:29",
		"goferLoaderReference" : " 9/28/2017 08:53:29",
		"getName" : " 9/28/2017 08:53:29",
		"repository:" : " 9/28/2017 08:53:29",
		"ensureLoadedForDevelopmentUsing:" : " 9/28/2017 08:53:29",
		"mergeMap" : " 9/28/2017 08:53:29",
		"workingCopyName" : " 9/28/2017 08:53:29",
		"repositories:" : " 9/28/2017 08:53:29",
		"goferPackage" : " 9/28/2017 08:53:29",
		"preLoadDoIt:" : " 9/28/2017 08:53:29",
		"packageSpecsInLoadOrder" : " 9/28/2017 08:53:29",
		"forceUpdatePackageSpec:using:" : " 9/28/2017 08:53:29",
		"compareWorkingCopyNamed:using:" : " 9/28/2017 08:53:29",
		"getPreLoadDoIt" : " 9/28/2017 08:53:29",
		"preLoadDoIt:constructor:" : " 9/28/2017 08:53:29",
		"file:constructor:" : " 9/28/2017 08:53:29",
		"currentVersionInfo" : " 9/28/2017 08:53:29",
		"updatePackageSpec:using:" : " 9/28/2017 08:53:29",
		"goferCommitPackage:" : " 9/28/2017 08:53:29",
		"copySpecTo:" : " 9/28/2017 08:53:29",
		"getPostLoadDoIt" : " 9/28/2017 08:53:29",
		"updatePackageRepositoriesFor:" : " 9/28/2017 08:53:29",
		"workingCopyNameFor:" : "dkh 6/8/2012 14:04:22",
		"info" : " 9/28/2017 08:53:29",
		"workingCopy" : " 9/28/2017 08:53:29",
		"currentPackageLoaded:notLoaded:using:" : " 9/28/2017 08:53:29",
		"projectDo:packageDo:groupDo:" : " 9/28/2017 08:53:29",
		"postLoadDoIt" : " 9/28/2017 08:53:29",
		"resolveToPackagesIn:visited:" : " 9/28/2017 08:53:29",
		"hasRepository" : " 9/28/2017 08:53:29",
		"repository:username:password:constructor:" : " 9/28/2017 08:53:29",
		"fetch" : " 9/28/2017 08:53:29",
		"repository:username:password:" : " 9/28/2017 08:53:29",
		"fetchUsing:" : " 9/28/2017 08:53:29",
		"updateForSpawnMethod:" : " 9/28/2017 08:53:29",
		"compareCurrentVersion:targetVersionStatus:using:" : " 9/28/2017 08:53:29",
		"postLoadDoIt:" : " 9/28/2017 08:53:29",
		"setPostLoadDoIt:" : " 9/28/2017 08:53:29",
		"includesForPackageOrdering" : " 9/28/2017 08:53:29",
		"repository" : "dkh 6/30/2012 13:30",
		"configMethodBodyOn:hasName:indent:" : " 9/28/2017 08:53:29",
		"getRepositories" : " 9/28/2017 08:53:29",
		"packagesNeedSavingVisited:using:into:" : " 9/28/2017 08:53:29",
		"updatePackageSpec:force:using:" : " 9/28/2017 08:53:29",
		"preLoadDoIt" : " 9/28/2017 08:53:29",
		"configShortCutMethodBodyOn:member:indent:" : " 9/28/2017 08:53:29",
		"repositorySpecs" : " 9/28/2017 08:53:29",
		"mergeSpec:" : " 9/28/2017 08:53:29",
		"compareRelativeCurrentVersion:targetVersionStatus:using:" : " 9/28/2017 08:53:29",
		"repositories" : " 9/28/2017 08:53:29",
		"configMethodCascadeOn:member:last:indent:" : " 9/28/2017 08:53:29",
		"configMethodOn:indent:" : " 9/28/2017 08:53:29",
		"repositories:constructor:" : " 9/28/2017 08:53:29",
		"postLoadDoIt:constructor:" : " 9/28/2017 08:53:29",
		"goferBranchPackage:message:" : " 9/28/2017 08:53:29",
		"repository:constructor:" : " 9/28/2017 08:53:29",
		"file" : " 9/28/2017 08:53:29",
		"explicitLoadUsing:" : " 9/28/2017 08:53:29",
		"includes:constructor:" : " 9/28/2017 08:53:29",
		"requires:constructor:" : " 9/28/2017 08:53:29",
		"ancestors" : " 9/28/2017 08:53:29",
		"setPreLoadDoIt:" : " 9/28/2017 08:53:29",
		"extractNameFromFile" : " 9/28/2017 08:53:29",
		"isPackageLoaded" : " 9/28/2017 08:53:29",
		"loadUsing:" : " 9/28/2017 08:53:29",
		"searchCacheRepositoryForPackage:" : "dkh 07/07/2016 10:29",
		"isPackageLoaded:" : " 9/28/2017 08:53:29",
		"getFile" : " 9/28/2017 08:53:29",
		"repositoryDescriptions" : " 9/28/2017 08:53:29",
		"name" : " 9/28/2017 08:53:29"
	},
	"class" : { }
}