{
	"instance" : {
		"hasLoadConflicts:" : " 9/28/2017 08:54:38",
		"constructClassName" : " 9/28/2017 08:54:38",
		"getRepositories" : " 9/28/2017 08:54:38",
		"hasRepository" : " 9/28/2017 08:54:38",
		"loadListForVersion:" : " 9/28/2017 08:54:38",
		"operator:constructor:" : " 9/28/2017 08:54:38",
		"unregisterProject" : " 9/28/2017 08:54:38",
		"versionKey" : " 9/28/2017 08:54:38",
		"projectLabel" : " 9/28/2017 08:54:38",
		"className:" : " 9/28/2017 08:54:38",
		"setPreLoadDoIt:" : " 9/28/2017 08:54:38",
		"getFile" : " 9/28/2017 08:54:38",
		"projectPackage" : " 9/28/2017 08:54:38",
		"isLocked" : " 9/28/2017 08:54:38",
		"versionString" : " 9/28/2017 08:54:38",
		"getPreLoadDoIt" : " 9/28/2017 08:54:38",
		"getOperator" : " 9/28/2017 08:54:38",
		"versionOrNil" : " 9/28/2017 08:54:38",
		"configMethodBodyOn:indent:" : " 9/28/2017 08:54:38",
		"configShortCutMethodOn:member:indent:" : " 9/28/2017 08:54:38",
		"loads:constructor:" : " 9/28/2017 08:54:38",
		"compareEqual:" : " 9/28/2017 08:54:38",
		"preLoadDoIt:constructor:" : " 9/28/2017 08:54:38",
		"name" : " 9/28/2017 08:54:38",
		"projectDo:packageDo:groupDo:" : " 9/28/2017 08:54:38",
		"load" : " 9/28/2017 08:54:38",
		"setName:" : " 9/28/2017 08:54:38",
		"setLoads:" : " 9/28/2017 08:54:38",
		"file" : " 9/28/2017 08:54:38",
		"mergeScriptLoads:" : " 9/28/2017 08:54:38",
		"hasClassName" : " 9/28/2017 08:54:38",
		"mergeMap" : " 9/28/2017 08:54:38",
		"name:" : " 9/28/2017 08:54:38",
		"postLoadDoIt:" : " 9/28/2017 08:54:38",
		"versionString:constructor:" : " 9/28/2017 08:54:38",
		"getClassName" : " 9/28/2017 08:54:38",
		"label" : " 9/28/2017 08:54:38",
		"configMethodOn:indent:" : " 9/28/2017 08:54:38",
		"compareVersionsEqual:" : " 9/28/2017 08:54:38",
		"getPostLoadDoIt" : " 9/28/2017 08:54:38",
		"addToMetacelloPackages:" : " 9/28/2017 08:54:38",
		"metacelloRegistrationHash" : " 9/28/2017 08:54:38",
		"setPostLoadDoIt:" : " 9/28/2017 08:54:38",
		"version" : " 9/28/2017 08:54:38",
		"preLoadDoIt" : " 9/28/2017 08:54:38",
		"postLoadDoIt" : " 9/28/2017 08:54:38",
		"registration" : " 9/28/2017 08:54:38",
		"versionString:" : " 9/28/2017 08:54:38",
		"loads" : " 9/28/2017 08:54:38",
		"hasNoLoadConflicts:" : " 9/28/2017 08:54:38",
		"operator:" : " 9/28/2017 08:54:38",
		"resolveToLoadableSpec" : " 9/28/2017 08:54:38",
		"preLoadDoIt:" : " 9/28/2017 08:54:38",
		"loads:" : " 9/28/2017 08:54:38",
		"configMethodBodyOn:indent:fromShortCut:" : " 9/28/2017 08:54:38",
		"version:constructor:" : " 9/28/2017 08:54:38",
		"hasNonVersionStringField" : " 9/28/2017 08:54:38",
		"name:constructor:" : " 9/28/2017 08:54:38",
		"currentlyLoadedClassesInVersion" : " 9/28/2017 08:54:38",
		"registrationsCompareEqual:" : " 9/28/2017 08:54:38",
		"configHasVersionString" : " 9/28/2017 08:54:38",
		"canDowngradeTo:" : " 9/28/2017 08:54:38",
		"postLoadDoIt:constructor:" : " 9/28/2017 08:54:38",
		"className" : " 9/28/2017 08:54:38",
		"compareVersions:usingOperator:" : " 9/28/2017 08:54:38",
		"canUpgradeTo:" : " 9/28/2017 08:54:38",
		"operator" : " 9/28/2017 08:54:38",
		"className:constructor:" : " 9/28/2017 08:54:38"
	},
	"class" : { }
}