{
	"instance" : {
		"requiredSpecNamesForPackageOrdering:" : " 9/28/2017 08:54:38",
		"includesForPackageOrdering" : " 9/28/2017 08:54:38",
		"includeSpecNamesForPackageOrdering:" : " 9/28/2017 08:54:38",
		"answers" : " 9/28/2017 08:54:38",
		"configMethodOn:for:selector:cascading:cascade:indent:" : " 9/28/2017 08:54:38",
		"mergeIntoMetacelloPackages:" : " 9/28/2017 08:54:38",
		"requiredSpecsForPackageOrdering:" : " 9/28/2017 08:54:38",
		"answers:" : " 9/28/2017 08:54:38",
		"requires" : " 9/28/2017 08:54:38",
		"name" : " 9/28/2017 08:54:38",
		"removeFromMetacelloPackages:" : " 9/28/2017 08:54:38",
		"requires:" : " 9/28/2017 08:54:38",
		"includes" : " 9/28/2017 08:54:38",
		"resolveSpecsForPackageOrdering:" : " 9/28/2017 08:54:38",
		"specs:forPackageOrdering:" : " 9/28/2017 08:54:38",
		"nonOverridable" : " 9/28/2017 08:54:38",
		"mergeSpec:" : " 9/28/2017 08:54:38",
		"postCopy" : " 9/28/2017 08:54:38",
		"mergeMap" : " 9/28/2017 08:54:38",
		"hasRepository" : " 9/28/2017 08:54:38",
		"setAnswers:" : " 9/28/2017 08:54:38",
		"setIncludes:" : " 9/28/2017 08:54:38",
		"requiresSpecsForPackageOrdering:" : " 9/28/2017 08:54:38",
		"name:" : " 9/28/2017 08:54:38",
		"addToMetacelloPackages:" : " 9/28/2017 08:54:38",
		"referencedSpec" : " 9/28/2017 08:54:38",
		"includes:" : " 9/28/2017 08:54:38",
		"configMethodBodyOn:hasName:cascading:indent:" : " 9/28/2017 08:54:38",
		"label" : " 9/28/2017 08:54:38",
		"configMethodCascadeOn:member:last:indent:" : " 9/28/2017 08:54:38",
		"setRequires:" : " 9/28/2017 08:54:38",
		"projectDo:packageDo:groupDo:" : " 9/28/2017 08:54:38"
	},
	"class" : { }
}