{
	"instance" : {
		"determineCurrentVersionForLoad" : " 9/28/2017 08:53:29",
		"validateVersionString:withDefaultVersionString:" : " 9/28/2017 08:53:29",
		"ensureLoadUsing:" : " 9/28/2017 08:53:29",
		"ensureProjectLoaded" : " 9/28/2017 08:53:29",
		"workingCopy" : " 9/28/2017 08:53:29",
		"className:" : " 9/28/2017 08:53:29",
		"getFile" : " 9/28/2017 08:53:29",
		"asProjectSpec" : " 9/28/2017 08:53:29",
		"compareCurrentVersion:targetVersionStatus:using:" : " 9/28/2017 08:53:29",
		"asBaselineProjectSpec" : " 9/28/2017 08:53:29",
		"loadVersion:" : "EstebanLorenzano 10/2/2017 19:23",
		"projectPackage" : " 9/28/2017 08:53:29",
		"isConfigurationOfProjectSpec" : " 9/28/2017 08:53:29",
		"resolveToAllPackagesIn:visited:" : " 9/28/2017 08:53:29",
		"ensureLoadedForDevelopmentUsing:" : " 9/28/2017 08:53:29",
		"hasConflictWithBaselineSpec:" : " 9/28/2017 08:53:29",
		"compareEqual:" : " 9/28/2017 08:53:29",
		"copyForRegistration:onWrite:" : " 9/28/2017 08:53:29",
		"projectClass" : " 9/28/2017 08:53:29",
		"file" : " 9/28/2017 08:53:29",
		"ensureConfigurationLoaded:ensured:" : " 9/28/2017 08:53:29",
		"hasConflictWithProjectSpec:" : " 9/28/2017 08:53:29",
		"isBaselineOfProjectSpec" : " 9/28/2017 08:53:29",
		"fetchUsing:" : " 9/28/2017 08:53:29",
		"asConfigurationProjectSpec" : " 9/28/2017 08:53:29",
		"loadPackageList" : " 9/28/2017 08:53:29",
		"loadedPackageNames:" : " 9/28/2017 08:53:29",
		"file:" : " 9/28/2017 08:53:29",
		"allPackagesLoaded:" : " 9/28/2017 08:53:29",
		"hasConflictWithConfigurationSpec:" : " 9/28/2017 08:53:29",
		"projectClassProject" : " 9/28/2017 08:53:29",
		"relativeCurrentVersion" : " 9/28/2017 08:53:29",
		"metacelloRegistrationHash" : " 9/28/2017 08:53:29",
		"isPartiallyLoaded:" : " 9/28/2017 08:53:29",
		"file:constructor:" : " 9/28/2017 08:53:29",
		"updateForSpawnMethod:" : " 9/28/2017 08:53:29",
		"version" : " 9/28/2017 08:53:29",
		"hasNoLoadConflicts:" : " 9/28/2017 08:53:29",
		"asProjectSpecForVersion:" : " 9/28/2017 08:53:29",
		"baseName" : " 9/28/2017 08:53:29",
		"copyForScriptingInto:" : " 9/28/2017 08:53:29",
		"asProjectRegistration" : " 9/28/2017 08:53:29",
		"packageFileSpecFor:" : " 9/28/2017 08:53:29",
		"validateForScriptLoad:withDefaultVersionString:withDefaultRepositoryDecription:" : " 9/28/2017 08:53:29",
		"isPossibleBaseline" : " 9/28/2017 08:53:29",
		"canDowngradeTo:" : " 9/28/2017 08:53:29",
		"updatePackageSpec:" : " 9/28/2017 08:53:29",
		"versionForScriptEngine:" : " 9/28/2017 08:53:29",
		"compareRelativeCurrentVersion:targetVersionStatus:using:" : " 9/28/2017 08:53:29",
		"canUpgradeTo:" : " 9/28/2017 08:53:29"
	},
	"class" : {
		"new" : " 9/28/2017 08:53:29"
	}
}