{
	"instance" : {
		"loadAtomicLoadDirective:gofer:" : " 9/28/2017 08:53:29",
		"loadLinearLoadDirective:gofer:" : " 9/28/2017 08:53:29",
		"prepostLoadDirectivesDo:" : " 9/28/2017 08:53:29",
		"loadUsing:gofer:" : " 9/28/2017 08:53:29",
		"preloads" : " 9/28/2017 08:53:29",
		"prepostLoadsDo:" : " 9/28/2017 08:53:29",
		"title" : " 9/28/2017 08:53:29",
		"loadPostloadDirective:" : " 9/28/2017 08:53:29",
		"packageloads:" : " 9/28/2017 08:53:29",
		"loadPackageDirective:gofer:" : " 9/28/2017 08:53:29",
		"directivesDo:" : " 9/28/2017 08:53:29",
		"packageloads" : " 9/28/2017 08:53:29",
		"postloads" : " 9/28/2017 08:53:29",
		"loadPreloadDirective:" : " 9/28/2017 08:53:29",
		"finalizeLoad:" : " 9/28/2017 08:53:29"
	},
	"class" : { }
}