{
	"instance" : {
		"hasNoLoadConflicts:" : " 9/28/2017 08:53:29",
		"canUpgradeTo:" : " 9/28/2017 08:53:29",
		"configMethodOn:indent:" : " 9/28/2017 08:53:29",
		"add:" : " 9/28/2017 08:53:29",
		"repository:username:password:" : " 9/28/2017 08:53:29",
		"repository:username:password:constructor:" : " 9/28/2017 08:53:29",
		"remove:" : " 9/28/2017 08:53:29",
		"merge:" : " 9/28/2017 08:53:29",
		"repository:" : " 9/28/2017 08:53:29",
		"configMethodCascadeOn:indent:" : " 9/28/2017 08:53:29",
		"metacelloRegistrationHash" : " 9/28/2017 08:53:29",
		"repository:constructor:" : " 9/28/2017 08:53:29",
		"compareEqual:" : " 9/28/2017 08:53:29"
	},
	"class" : { }
}