{
	"instance" : {
		"loader" : " 9/28/2017 08:54:38",
		"versionKey" : " 9/28/2017 08:54:38",
		"packageNamed:ifAbsent:" : " 9/28/2017 08:54:38",
		"spec:" : " 9/28/2017 08:54:38",
		"unload" : " 9/28/2017 08:54:38",
		"projectLabel" : " 9/28/2017 08:54:38",
		"versionNumberFrom:" : " 9/28/2017 08:54:38",
		"printOn:" : " 9/28/2017 08:54:38",
		"versionStatus" : " 9/28/2017 08:54:38",
		"versionString" : " 9/28/2017 08:54:38",
		"isAllLoadedToSpec" : " 9/28/2017 08:54:38",
		"project" : " 9/28/2017 08:54:38",
		"timestamp" : " 9/28/2017 08:54:38",
		"author" : " 9/28/2017 08:54:38",
		"name" : " 9/28/2017 08:54:38",
		"importedVersions" : " 9/28/2017 08:54:38",
		"load" : " 9/28/2017 08:54:38",
		"groups" : " 9/28/2017 08:54:38",
		"versionNumber:" : " 9/28/2017 08:54:38",
		"~>" : " 9/28/2017 08:54:38",
		"importedVersions:" : " 9/28/2017 08:54:38",
		"blessing" : " 9/28/2017 08:54:38",
		"hash" : " 9/28/2017 08:54:38",
		"packageNamed:" : " 9/28/2017 08:54:38",
		"versionNumber" : " 9/28/2017 08:54:38",
		"isLoadedMatchConstraints" : " 9/28/2017 08:54:38",
		"projects" : " 9/28/2017 08:54:38",
		"versionSpec" : " 9/28/2017 08:54:38",
		"computeVersionStatus" : " 9/28/2017 08:54:38",
		"versionStatus:" : " 9/28/2017 08:54:38",
		"isLoadedToSpec" : " 9/28/2017 08:54:38",
		"expandToLoadableSpecNames:" : " 9/28/2017 08:54:38",
		"load:" : " 9/28/2017 08:54:38",
		"<" : " 9/28/2017 08:54:38",
		"description" : " 9/28/2017 08:54:38",
		"difference:" : " 9/28/2017 08:54:38",
		"isPossibleBaseline" : " 9/28/2017 08:54:38",
		"=" : " 9/28/2017 08:54:38",
		"spec" : " 9/28/2017 08:54:38",
		"resolveToLoadableSpecs:" : " 9/28/2017 08:54:38",
		"isSomethingLoaded" : " 9/28/2017 08:54:38",
		"basicSpec" : " 9/28/2017 08:54:38"
	},
	"class" : {
		"fromString:" : " 9/28/2017 08:54:38",
		"fromSpec:" : " 9/28/2017 08:54:38"
	}
}