{
	"instance" : {
		"additions:" : " 9/28/2017 08:54:38",
		"modifications:" : " 9/28/2017 08:54:38",
		"removals" : " 9/28/2017 08:54:38",
		"configuration" : " 9/28/2017 08:54:38",
		"removals:" : " 9/28/2017 08:54:38",
		"additions" : " 9/28/2017 08:54:38",
		"modifications" : " 9/28/2017 08:54:38",
		"configuration:" : " 9/28/2017 08:54:38",
		"printOn:" : " 9/28/2017 08:54:38",
		"from:" : " 9/28/2017 08:54:38",
		"from" : " 9/28/2017 08:54:38",
		"to:" : " 9/28/2017 08:54:38",
		"to" : " 9/28/2017 08:54:38"
	},
	"class" : { }
}