{
	"class" : {
		 },
	"instance" : {
		"setAuthorInMetacelloConfig:" : "dkh 6/12/2012 10:18:46.076",
		"setBlessingInMetacelloConfig:" : "dkh 6/12/2012 10:18:46.076",
		"setDescriptionInMetacelloConfig:" : "dkh 6/12/2012 10:18:46.076",
		"setPackage:withInMetacelloConfig:" : "dkh 6/12/2012 10:18:46.076",
		"setProject:withInMetacelloConfig:" : "dkh 6/12/2012 10:18:46.076",
		"setTimestampInMetacelloConfig:" : "dkh 6/12/2012 10:18:46.076",
		"valueSupplyingMetacelloAnswers:" : "dkh 6/12/2012 10:18:46.076" } }
