{
	"class" : {
		 },
	"instance" : {
		"testAddGroupA" : "dkh 5/4/2012 20:37:12",
		"testAddGroupB" : "dkh 5/4/2012 20:37:12",
		"testAddProjectA" : "dkh 5/4/2012 20:37:12",
		"testAddProjectB" : "dkh 5/4/2012 20:37:12",
		"testCopyToGroup" : "dkh 5/4/2012 20:37:12",
		"testCopyToProject" : "dkh 5/4/2012 20:37:12",
		"testMergeGroupA" : "dkh 5/4/2012 20:37:12",
		"testMergeGroupB" : "dkh 5/4/2012 20:37:12",
		"testMergeProjectA" : "dkh 5/4/2012 20:37:12",
		"testMergeProjectB" : "dkh 5/4/2012 20:37:12",
		"testRemoveGroupA" : "dkh 5/4/2012 20:37:12",
		"testRemoveGroupB" : "dkh 5/4/2012 20:37:12",
		"testRemoveGroupC" : "dkh 5/4/2012 20:37:12",
		"testRemoveProjectA" : "dkh 5/4/2012 20:37:12",
		"testRemoveProjectB" : "dkh 5/4/2012 20:37:12" } }
