{
	"instance" : {
		"clearMemberMap" : " 9/28/2017 08:54:38",
		"remove:" : " 9/28/2017 08:54:38",
		"detect:" : " 9/28/2017 08:54:38",
		"specListDetect:ifNone:" : " 9/28/2017 08:54:38",
		"copy:to:" : " 9/28/2017 08:54:38",
		"collect:" : " 9/28/2017 08:54:38",
		"mapMerge:into:" : " 9/28/2017 08:54:38",
		"list" : " 9/28/2017 08:54:38",
		"list:" : " 9/28/2017 08:54:38",
		"copy:" : " 9/28/2017 08:54:38",
		"mapRemove:into:" : " 9/28/2017 08:54:38",
		"mergeSpec:" : " 9/28/2017 08:54:38",
		"notEmpty" : " 9/28/2017 08:54:38",
		"postCopy" : " 9/28/2017 08:54:38",
		"add:" : " 9/28/2017 08:54:38",
		"select:" : " 9/28/2017 08:54:38",
		"do:" : " 9/28/2017 08:54:38",
		"merge:" : " 9/28/2017 08:54:38",
		"specListDetect:" : " 9/28/2017 08:54:38",
		"addMember:" : " 9/28/2017 08:54:38",
		"specListDo:" : " 9/28/2017 08:54:38",
		"deleteSpec:" : " 9/28/2017 08:54:38",
		"mapAdd:into:" : " 9/28/2017 08:54:38",
		"detect:ifNone:" : " 9/28/2017 08:54:38",
		"isEmpty" : " 9/28/2017 08:54:38",
		"mapCopy:into:" : " 9/28/2017 08:54:38",
		"map" : " 9/28/2017 08:54:38",
		"specListSelect:" : " 9/28/2017 08:54:38"
	},
	"class" : { }
}