{
	"instance" : {
		"setImportInVersionSpec:" : "dkh 11/17/2013 17:19",
		"setRequiresInMetacelloPackage:" : "dkh 6/6/2009 10:08",
		"addToMetacelloPackages:" : "dkh 6/6/2009 11:45",
		"asMetacelloAttributeList" : "dkh 9/7/2012 13:10",
		"setForDo:withInMetacelloConfig:" : "dkh 9/5/2012 06:26:03.064",
		"execute:against:" : "dkh 9/5/2012 06:26:03.064",
		"setIncludesInMetacelloPackage:" : "dkh 9/23/2009 08:46",
		"setForVersion:withInMetacelloConfig:" : "dkh 9/5/2012 06:26:03.064",
		"setLoadsInMetacelloProject:" : "dkh 6/8/2009 19:02",
		"mergeIntoMetacelloPackages:" : "dkh 6/6/2009 11:46",
		"asMetacelloAttributePath" : "dkh 9/8/2012 05:30",
		"removeFromMetacelloPackages:" : "dkh 6/6/2009 11:42"
	},
	"class" : { }
}