{
	"instance" : {
		"answers" : " 9/28/2017 08:54:38",
		"shouldBeMutable" : " 9/28/2017 08:54:38",
		"copyOnWrite:" : " 9/28/2017 08:54:38",
		"mutable" : " 9/28/2017 08:54:38",
		"addMember" : " 9/28/2017 08:54:38",
		"preLoadDoIt" : " 9/28/2017 08:54:38",
		"project" : " 9/28/2017 08:54:38",
		"copyMember" : " 9/28/2017 08:54:38",
		"configMethodOn:indent:" : " 9/28/2017 08:54:38",
		"aboutToCopy" : " 9/28/2017 08:54:38",
		"mergeMap" : " 9/28/2017 08:54:38",
		"mergeSpec:" : " 9/28/2017 08:54:38",
		"nonOverridable" : " 9/28/2017 08:54:38",
		"mergeMember" : " 9/28/2017 08:54:38",
		"postCopy" : " 9/28/2017 08:54:38",
		"loader" : " 9/28/2017 08:54:38",
		"isMutable" : " 9/28/2017 08:54:38",
		"validateMergeForSpec:" : " 9/28/2017 08:54:38",
		"removeMember" : " 9/28/2017 08:54:38",
		"for:" : " 9/28/2017 08:54:38",
		"postLoadDoIt" : " 9/28/2017 08:54:38",
		"label" : " 9/28/2017 08:54:38",
		"configMethodOn:" : " 9/28/2017 08:54:38",
		"doItBlock:" : " 9/28/2017 08:54:38",
		"preLoadDoItBlock" : " 9/28/2017 08:54:38",
		"immutable" : " 9/28/2017 08:54:38",
		"postLoadDoItBlock" : " 9/28/2017 08:54:38",
		"printOn:" : " 9/28/2017 08:54:38",
		"mergeImportLoads:" : " 9/28/2017 08:54:38",
		"loader:" : " 9/28/2017 08:54:38"
	},
	"class" : {
		"for:" : " 9/28/2017 08:54:38",
		"platformClass" : " 9/28/2017 08:54:38"
	}
}