{
	"instance" : {
		"packageAndProjectNamesToLoad:loader:" : " 9/28/2017 08:53:29",
		"packagesForSpecNamed:" : " 9/28/2017 08:53:29",
		"currentlyLoadedClassesInVersion" : " 9/28/2017 08:53:29",
		"doFetchRequiredFromArray:" : " 9/28/2017 08:53:29",
		"allPackagesForSpecNamed:" : " 9/28/2017 08:53:29",
		"loaderPolicy" : " 9/28/2017 08:53:29",
		"packagesForSpecNamed:ifAbsent:" : " 9/28/2017 08:53:29",
		"executeLoadFromArray:" : " 9/28/2017 08:53:29",
		"currentlyLoadedExtensionClassesInVersion" : " 9/28/2017 08:53:29",
		"computeVersionStatus" : " 9/28/2017 08:53:29",
		"doRecordRequiredFromArray:" : " 9/28/2017 08:53:29",
		"record:" : " 9/28/2017 08:53:29",
		"cacheRepository:" : " 9/28/2017 08:53:29",
		"allPackagesForSpecNamed:ifAbsent:" : " 9/28/2017 08:53:29",
		"load:" : " 9/28/2017 08:53:29",
		"defaultPackageNamesToLoad:" : " 9/28/2017 08:53:29",
		"loaderPolicy:" : " 9/28/2017 08:53:29",
		"loadRequiredFromArray:" : " 9/28/2017 08:53:29",
		"doLoadRequiredFromArray:" : " 9/28/2017 08:53:29",
		"record" : " 9/28/2017 08:53:29",
		"fetch" : " 9/28/2017 08:53:29",
		"silently:" : " 9/28/2017 08:53:29",
		"defaultPackageNamesToLoad" : " 9/28/2017 08:53:29",
		"repositoryOverrides:" : " 9/28/2017 08:53:29",
		"ignoreImage:" : " 9/28/2017 08:53:29",
		"packages" : " 9/28/2017 08:53:29",
		"load" : " 9/28/2017 08:53:29",
		"allPackagesForSpecs:visited:" : " 9/28/2017 08:53:29",
		"fetch:" : " 9/28/2017 08:53:29",
		"loader:" : " 9/28/2017 08:53:29",
		"fetchRequiredFromArray:" : " 9/28/2017 08:53:29"
	},
	"class" : { }
}