{
	"instance" : {
		"repositorySpec" : " 9/28/2017 08:53:29",
		"defaultLoaderClass" : " 9/28/2017 08:53:29",
		"updateProject:" : " 9/28/2017 08:53:29",
		"setBaselineRepositoryDescription:" : " 9/28/2017 08:53:29",
		"createRepository:" : " 9/28/2017 08:53:29",
		"packageSpec" : " 9/28/2017 08:53:29",
		"updateProject" : " 9/28/2017 08:53:29",
		"packagesNeedSaving:" : " 9/28/2017 08:53:29",
		"updatePackageRepositoriesFor:" : " 9/28/2017 08:53:29",
		"configurationOfProjectSpecClass" : " 9/28/2017 08:53:29",
		"asConfigurationProject" : " 9/28/2017 08:53:29",
		"repositoriesSpec" : " 9/28/2017 08:53:29",
		"fetchProject" : " 9/28/2017 08:53:29",
		"repositoriesSpecClass" : " 9/28/2017 08:53:29",
		"projectPackage" : " 9/28/2017 08:53:29",
		"versionSpecClass" : " 9/28/2017 08:53:29",
		"goferCommitProject:" : " 9/28/2017 08:53:29",
		"goferBranch:project:" : " 9/28/2017 08:53:29",
		"projectForScriptEngine:unconditionalLoad:" : " 9/28/2017 08:53:29",
		"projectSpecClass" : " 9/28/2017 08:53:29",
		"fetchProject:" : " 9/28/2017 08:53:29",
		"baselineOfProjectSpecClass" : " 9/28/2017 08:53:29",
		"repositorySpecClass" : " 9/28/2017 08:53:29",
		"pragmaKeywords" : " 9/28/2017 08:53:29",
		"packageSpecClass" : " 9/28/2017 08:53:29",
		"saveProject" : " 9/28/2017 08:53:29",
		"asBaselineProject" : " 9/28/2017 08:53:29"
	},
	"class" : { }
}