{
	"instance" : {
		"methodSectionsInEvaluationOrder:do:" : " 9/28/2017 08:54:38",
		"extractMethodSectionsFor:" : " 9/28/2017 08:54:38",
		"methodSection:inEvaluationOrder:do:" : " 9/28/2017 08:54:38",
		"methodSectionAttributes" : " 9/28/2017 08:54:38",
		"methodSectionsDo:" : " 9/28/2017 08:54:38",
		"extractSymbolicVersionSpecsFor:" : " 9/28/2017 08:54:38",
		"setFor:do:" : " 9/28/2017 08:54:38",
		"methodSection:do:" : " 9/28/2017 08:54:38",
		"methodSections" : " 9/28/2017 08:54:38",
		"reset" : " 9/28/2017 08:54:38",
		"evaluateMethodSection:version:" : " 9/28/2017 08:54:38",
		"setFor:version:" : " 9/28/2017 08:54:38"
	},
	"class" : { }
}