{
	"class" : {
		"initialize" : "dkh 05/14/2014 06:34",
		"registerForNotifications" : "dkh 05/13/2014 21:29",
		"sessionStart" : "dkh 05/13/2014 21:36" },
	"instance" : {
		"authorName" : "dkh 11/10/2011 09:52",
		"authorName:" : "dkh 11/10/2011 09:52",
		"confirm:" : "dkh 01/06/2010 10:18",
		"copyClass:as:inCategory:" : "dkh 11/10/2011 09:52",
		"createRepository:" : "dkh 03/23/2013 08:50",
		"defaultPlatformAttributes" : "dkh 10/10/2016 14:54",
		"defaultRepositoryDescription" : "dkh 09/28/2014 09:52",
		"devKitPlatformAttributes" : "dkh 11/10/2014 15:48",
		"disableUndefinedSybolUpdates" : "dkh 07/06/2016 14:55",
		"downloadBasicFile:to:" : "dkh 10/15/2014 17:04",
		"downloadBasicFile:to:includeHTTPHeader:username:pass:" : "dkh 03/18/2015 05:21",
		"downloadBasicFile:to:username:pass:" : "dkh 03/18/2015 05:21",
		"downloadJSON:eTagsCache:eTagsKey:username:pass:" : "dkh 07/28/2016 17:19",
		"downloadJSON:username:pass:" : "dkh 03/18/2015 06:44",
		"downloadJSONIfModified:eTagInfo:username:pass:onError:" : "dkh 07/28/2016 17:20",
		"downloadZipArchive:to:" : "dkh 10/14/2014 10:51",
		"extractAtrributesFrom:" : "dkh 10/10/2016 14:56",
		"extractHTTPHeader:do:" : "dkh 03/18/2015 06:05",
		"extractRepositoryFrom:to:" : "dkh 05/28/2015 09:39",
		"extractTypeFromDescription:" : "dkh 03/23/2013 08:54",
		"fileDirectoryClass" : "dkh 07/09/2012 04:46",
		"gitBranchNameFor:" : "dkh 10/12/2014 15:46",
		"gitCommitShaFor:" : "dkh 10/12/2014 15:46",
		"gitIsGitDirectoryPath:" : "dkh 05/15/2014 18:33",
		"gitRootDirectoryPath:" : "dkh 10/12/2014 15:46",
		"gitStatusFor:" : "dkh 05/15/2014 20:46",
		"processPID" : "dkh 09/26/2014 14:58",
		"reenableUndefinedSybolUpdates:" : "dkh 07/06/2016 22:31",
		"stoneVersionAttributes" : "dkh 11/10/2011 09:52",
		"timestamp" : "dkh 10/16/2009 11:53",
		"transact:" : "dkh 01/06/2010 10:11" } }
