{
	"instance" : {
		"isCritical" : " 9/28/2017 08:54:38",
		"callSite:" : " 9/28/2017 08:54:38",
		"explanation:" : " 9/28/2017 08:54:38",
		"label" : "dkh 6/5/2012 19:01:24",
		"explanation" : " 9/28/2017 08:54:38",
		"isWarning" : " 9/28/2017 08:54:38",
		"printOn:" : "dkh 6/5/2012 19:01:24",
		"reasonCode:" : " 9/28/2017 08:54:38",
		"isError" : " 9/28/2017 08:54:38",
		"isCriticalWarning" : " 9/28/2017 08:54:38",
		"callSite" : " 9/28/2017 08:54:38",
		"configurationClass:" : " 9/28/2017 08:54:38",
		"reasonCode" : " 9/28/2017 08:54:38",
		"configurationClass" : " 9/28/2017 08:54:38"
	},
	"class" : {
		"configurationClass:reasonCode:callSite:explanation:" : " 9/28/2017 08:54:38"
	}
}