{
	"instance" : {
		"required:" : " 9/28/2017 08:53:29",
		"name" : " 9/28/2017 08:53:29",
		"resolveToLoadableSpecs" : " 9/28/2017 08:53:29",
		"loaderPolicy" : " 9/28/2017 08:53:29",
		"packageSpecsInLoadOrder" : " 9/28/2017 08:53:29",
		"repositorySpecs" : " 9/28/2017 08:53:29",
		"project" : " 9/28/2017 08:53:29",
		"loaderPolicy:" : " 9/28/2017 08:53:29",
		"versionSpec" : " 9/28/2017 08:53:29",
		"loader" : " 9/28/2017 08:53:29",
		"versionString" : " 9/28/2017 08:53:29",
		"required" : " 9/28/2017 08:53:29",
		"versionSpec:" : " 9/28/2017 08:53:29",
		"label" : " 9/28/2017 08:53:29",
		"packages" : " 9/28/2017 08:53:29",
		"repositories" : " 9/28/2017 08:53:29",
		"load" : " 9/28/2017 08:53:29",
		"operator" : " 9/28/2017 08:53:29",
		"resolvePackageNames" : " 9/28/2017 08:53:29"
	},
	"class" : {
		"on:" : " 9/28/2017 08:53:29"
	}
}