{
	"instance" : {
		"loadUsing:gofer:" : " 9/28/2017 08:53:29",
		"preLoadDo:" : " 9/28/2017 08:53:29",
		"versionDirectivesDepthFirstDo:" : " 9/28/2017 08:53:29",
		"prepostLoadDirectivesDo:" : " 9/28/2017 08:53:29",
		"addTo:" : " 9/28/2017 08:53:29",
		"packageDo:" : " 9/28/2017 08:53:29",
		"printOn:indent:" : " 9/28/2017 08:53:29",
		"prepostLoadDo:" : " 9/28/2017 08:53:29",
		"versionDirectivesDo:" : " 9/28/2017 08:53:29",
		"packageDirectivesDo:" : " 9/28/2017 08:53:29",
		"loader" : " 9/28/2017 08:53:29",
		"title" : " 9/28/2017 08:53:29",
		"printString" : " 9/28/2017 08:53:29",
		"versionDo:" : " 9/28/2017 08:53:29",
		"directivesDo:" : " 9/28/2017 08:53:29",
		"spec:loader:" : " 9/28/2017 08:53:29",
		"postLoadDo:" : " 9/28/2017 08:53:29",
		"label" : " 9/28/2017 08:53:29",
		"spec" : " 9/28/2017 08:53:29",
		"printOn:" : " 9/28/2017 08:53:29",
		"loader:" : " 9/28/2017 08:53:29"
	},
	"class" : {
		"loadPackage:externalReference:loader:" : " 9/28/2017 08:53:29",
		"preLoadSpec:loader:" : " 9/28/2017 08:53:29",
		"postLoadSpec:loader:" : " 9/28/2017 08:53:29",
		"loader:" : " 9/28/2017 08:53:29"
	}
}