{
	"class" : {
		"initialize" : "ChristopheDemarey 4/29/2013 14:22" },
	"instance" : {
		"defaultDirectory" : "ChristopheDemarey 4/29/2013 14:17",
		"defaultRepositoryDescription" : "dkh 07/12/2013 16:47:11",
		"directoryFromPath:relativeTo:" : "ChristopheDemarey 4/29/2013 15:14",
		"downloadZipArchive:to:" : "dkh 07/12/2013 16:47:11",
		"ensureDirectoryExists:" : "ChristopheDemarey 4/29/2013 15:18",
		"extractRepositoryFrom:to:" : "dkh 07/01/2013 10:23:37",
		"fileDirectoryClass" : "ChristopheDemarey 4/29/2013 15:58",
		"fileFromPath:relativeTo:" : "ChristopheDemarey 5/14/2013 17:44",
		"fileHandleOn:" : "ChristopheDemarey 4/29/2013 13:16",
		"packageInfoFor:" : "dkh 5/8/2013 09:40",
		"parentDirectoryOf:" : "ChristopheDemarey 5/29/2013 18:16",
		"readStreamOn:do:" : "ChristopheDemarey 5/14/2013 17:55",
		"recursiveDelete:" : "ChristopheDemarey 5/27/2013 17:43",
		"string:includesSubstring:" : "ChristopheDemarey 5/31/2013 13:02",
		"suspendSystemUpdateEventsDuring:" : "ChristopheDemarey 5/27/2013 16:18" } }
