{
	"class" : {
		"bootstrapMetacelloFrom:" : "dkh 05/08/2013 11:39",
		"bootstrapPackage:from:" : "dkh 9/4/2012 17:09",
		"ensureGoferVersion:repositoryUrl:" : "dkh 6/10/2012 22:01",
		"ensureMetacello" : "dkh 6/11/2012 11:05",
		"ensureMetacello:" : "dkh 06/28/2013 16:07",
		"project" : "dkh 5/31/2012 17:57:13",
		"retry:" : "dkh 9/4/2012 17:09",
		"retry:retryCount:" : "dkh 9/4/2012 20:50",
		"unloadMetacello" : "dkh 5/31/2012 17:57:13",
		"validate" : "dkh 5/31/2012 17:57:13" },
	"instance" : {
		"bleedingEdge" : "dkh 5/31/2012 17:57:13",
		"customProjectAttributes" : "dkh 5/31/2012 17:57:13",
		"defaultBleedingEdgeVersion" : "dkh 5/31/2012 17:57:13",
		"project" : "dkh 6/22/2012 14:31",
		"project:" : "dkh 5/31/2012 17:57:13",
		"projectClass" : "dkh 5/31/2012 17:57:13",
		"versionDoesNotExistError:" : "dkh 5/31/2012 17:57:13",
		"versionNumberClass" : "dkh 6/22/2012 12:09" } }
